,Model,Accuracy,Precision,Recall,F1-Score,ROC AUC
0,Decision Tree,0.7285633162975582,0.4926372155287818,0.7880085653104925,0.6062602965403624,0.7475591512796667
1,Logistic Regression,0.7234525837592277,0.48711340206185566,0.8094218415417559,0.6082059533386966,0.7509242128883431
2,SVC,0.6882453151618398,0.45210280373831774,0.828693790149893,0.5850340136054422,0.7331258749822108
